{
	"class_name" : "PinholeCameraParameters",
	"extrinsic" : 
	[
		0.84406534742087524,
		-0.45782673373773008,
		-0.2791923551215521,
		0.0,
		-0.010273009720326324,
		-0.53435788710876631,
		0.8451959025906014,
		0.0,
		-0.53614191643124054,
		-0.71053242738083155,
		-0.4557362341154586,
		0.0,
		0.05827530007870696,
		0.062339593492542145,
		2.54055784478874,
		1.0
	],
	"intrinsic" : 
	{
		"height" : 779,
		"intrinsic_matrix" : 
		[
			674.63378954807786,
			0.0,
			0.0,
			0.0,
			674.63378954807786,
			0.0,
			959.5,
			389.0,
			1.0
		],
		"width" : 1920
	},
	"version_major" : 1,
	"version_minor" : 0
}